{"cameraMode":{"drawMode":0,"name":"Shaded","section":"Shading Mode"},"sceneLighting":true,"audioPlay":false,"sceneViewState":{"showFog":true,"showMaterialUpdate":true,"showSkybox":true,"showFlares":true,"showImageEffects":true,"showParticleSystems":true},"in2DMode":false,"pivot":{"x":-3.3672070503234865,"y":-39.5546989440918,"z":351.8685302734375},"rotation":{"x":0.17400605976581574,"y":-0.005908525083214045,"z":0.0010436451993882657,"w":0.9847303032875061},"size":101.2491455078125,"orthographic":false}