{"cameraMode":{"drawMode":0,"name":"Shaded","section":"Shading Mode"},"sceneLighting":true,"audioPlay":false,"sceneViewState":{"showFog":true,"showMaterialUpdate":true,"showSkybox":true,"showFlares":true,"showImageEffects":true,"showParticleSystems":true},"in2DMode":false,"pivot":{"x":-0.9661304950714111,"y":-104.21990203857422,"z":328.3077087402344},"rotation":{"x":0.17400605976581574,"y":-0.005908525083214045,"z":0.0010436451993882657,"w":0.9847303032875061},"size":343.0562438964844,"orthographic":false}